<?xml version="1.0" encoding="UTF-8"?>
<teamcity-plugin xmlns:xsi="http://www.w3.org/2001/XMLSchema-instance" xsi:noNamespaceSchemaLocation="urn:schemas-jetbrains-com:teamcity-plugin-v1-xml">
  <info>
    <name>demoPlugin</name>
    <display-name>demoPlugin</display-name>
    <version>1.0</version>
    <description>Demo Plugin</description>
    <download-url>Plugin download URL</download-url>
    <email>karunesh@bu.edu</email>
    <vendor>
      <name>BU</name>
      <url>https://www.bu.edu</url>
      <logo>Plugin vendor logo URL</logo>
    </vendor>
  </info>
  <deployment use-separate-classloader="true" />
</teamcity-plugin>
